candidate_id,title,decision,reason_code,canonical_id,source_url,checked_at,notes
c001,Training Very Deep Networks,纳入,,neurips-2015-215a71a1,https://papers.nips.cc/paper_files/paper/2015/hash/215a71a12769b056c3c32e7299f1c5ed-Abstract.html,2026-08-13,门控 carry/transform 路径的直接前驱；正式 NeurIPS 论文
c002,Deep Residual Learning for Image Recognition,纳入,,doi:10.1109/CVPR.2016.90,https://openaccess.thecvf.com/content_cvpr_2016/html/He_Deep_Residual_Learning_CVPR_2016_paper.html,2026-08-13,基线与问题定义；正式 CVPR 论文
c003,Identity Mappings in Deep Residual Networks,纳入,,doi:10.1007/978-3-319-46493-0_38,https://arxiv.org/abs/1603.05027,2026-08-13,pre-activation 与纯恒等传播；正式 ECCV 版本优先
c004,Deep Networks with Stochastic Depth,纳入,,doi:10.1007/978-3-319-46493-0_39,https://arxiv.org/abs/1603.09382,2026-08-13,训练期随机丢弃残差分支；正式 ECCV 版本优先
c005,Weighted Residuals for Very Deep Networks,纳入,,doi:10.1109/ICSAI.2016.7811085,https://arxiv.org/abs/1605.08831,2026-08-13,学习残差组合权重；正式 ICSAI 论文但证据规模较小
c006,Residual Networks Behave Like Ensembles of Relatively Shallow Networks,纳入,,neurips-2016-37bc2f75,https://proceedings.neurips.cc/paper_files/paper/2016/hash/37bc2f75bf1bcfe8450a1a41c200364c-Abstract.html,2026-08-13,路径与消融机制诊断；作者结论需结合评审保守表述
c007,Swapout: Learning an Ensemble of Deep Architectures,纳入,,neurips-2016-c51ce410,https://proceedings.neurips.cc/paper_files/paper/2016/hash/c51ce410c124a10e0db5e4b97fc2af39-Abstract.html,2026-08-13,随机选择恒等和残差路径；正式 NeurIPS 论文
c008,Inception-v4 Inception-ResNet and the Impact of Residual Connections on Learning,纳入,,doi:10.1609/aaai.v31i1.11231,https://ojs.aaai.org/index.php/aaai/article/view/11231,2026-08-13,宽残差网络的激活缩放；正式 AAAI 论文
c009,Residual Networks of Residual Networks: Multilevel Residual Networks,纳入,,doi:10.1109/TCSVT.2017.2654543,https://arxiv.org/abs/1608.02908,2026-08-13,增加层级 shortcut；期刊正式版本与预印本同族
c010,Deep Pyramidal Residual Networks,纳入,,doi:10.1109/CVPR.2017.668,https://openaccess.thecvf.com/content_cvpr_2017/html/Han_Deep_Pyramidal_Residual_CVPR_2017_paper.html,2026-08-13,逐块增加通道并重审 projection 边界；正式 CVPR 论文
c011,FractalNet: Ultra-Deep Neural Networks without Residuals,纳入,,openreview:S1VaB4cex,https://openreview.net/forum?id=S1VaB4cex,2026-08-13,无恒等捷径的直接反证/替代；ICLR 2017 主会
c012,PolyNet: A Pursuit of Structural Diversity in Very Deep Networks,纳入,,arxiv:1611.05725,https://openaccess.thecvf.com/content_cvpr_2017/html/Zhang_PolyNet_A_Pursuit_CVPR_2017_paper.html,2026-08-13,把 I+F 扩展为多项式组合；正式 CVPR 论文
c013,Residual Attention Network for Image Classification,排除,范围外,cvpr-2017-wang-residual-attention,https://openaccess.thecvf.com/content_cvpr_2017/html/Wang_Residual_Attention_Network_CVPR_2017_paper.html,2026-08-13,最终裁决：主要改变 trunk-mask 特征注意力而非块级 shortcut 合并原则
c014,Spatially Adaptive Computation Time for Residual Networks,纳入,,cvpr-2017-figurnov-sact,https://openaccess.thecvf.com/content_cvpr_2017/html/Figurnov_Spatially_Adaptive_Computation_CVPR_2017_paper.html,2026-08-13,空间位置级停止/继续残差计算；正式 CVPR 论文
c015,Densely Connected Convolutional Networks,排除,范围外,cvpr-2017-huang-densenet,https://openaccess.thecvf.com/content_cvpr_2017/html/Huang_Densely_Connected_Convolutional_CVPR_2017_paper.html,2026-08-13,最终裁决：属于 ResNet 的相邻替代谱系；只在报告边界说明中保留
c016,Dual Path Networks,纳入,,neurips-2017-f7e0b956,https://proceedings.neurips.cc/paper/2017/hash/f7e0b956540676a129760a3eae309294-Abstract.html,2026-08-13,残差复用与稠密新特征双路合并；正式 NeurIPS 论文
c017,The Shattered Gradients Problem: If resnets are the answer then what is the question?,纳入,,pmlr-v70-balduzzi17b,https://proceedings.mlr.press/v70/balduzzi17b.html,2026-08-13,给出梯度相关性而非仅梯度幅度的机制解释；正式 ICML 论文
c018,The Reversible Residual Network: Backpropagation Without Storing Activations,纳入,,neurips-2017-f9be311e,https://proceedings.neurips.cc/paper/2017/hash/f9be311e65d81a9ad8150a60844bb94c-Abstract.html,2026-08-13,additive coupling 可逆块与深度无关激活存储；正式 NeurIPS 论文
c019,Shake-Shake Regularization of 3-Branch Residual Networks,纳入,,openreview:HkO-PCmYl,https://openreview.net/forum?id=HkO-PCmYl,2026-08-13,随机仿射合并多残差分支；ICLR 2017 workshop 不按主会标注
c020,Learning Strict Identity Mappings in Deep Residual Networks,纳入,,arxiv:1804.01661,https://openaccess.thecvf.com/content_cvpr_2018/html/Yu_Learning_Strict_Identity_CVPR_2018_paper.html,2026-08-13,epsilon 阈值使小残差块成为严格恒等并可剪枝；正式 CVPR 论文
c021,Deep Layer Aggregation,纳入,,cvpr-2018-yu-dla,https://openaccess.thecvf.com/content_cvpr_2018/html/Yu_Deep_Layer_Aggregation_CVPR_2018_paper.html,2026-08-13,迭代和层次聚合跨层 skip；正式 CVPR 论文
c022,Squeeze-and-Excitation Networks,排除,范围外,cvpr-2018-hu-senet,https://openaccess.thecvf.com/content_cvpr_2018/html/Hu_Squeeze-and-Excitation_Networks_CVPR_2018_paper,2026-08-13,最终裁决：调制残差分支特征而不改变 identity shortcut 或两路合并规则
c023,Skip Connections Eliminate Singularities,纳入,,openreview:HkwBEMWCZ,https://openreview.net/forum?id=HkwBEMWCZ,2026-08-13,损失面奇异性机制诊断；ICLR 2018 主会
c024,Residual Connections Encourage Iterative Inference,纳入,,openreview:SJa9iHgAZ,https://openreview.net/forum?id=SJa9iHgAZ,2026-08-13,迭代特征修正诊断；ICLR 2018 主会
c025,ShakeDrop Regularization for Deep Residual Learning,纳入,,doi:10.1109/ACCESS.2019.2960566,https://doi.org/10.1109/ACCESS.2019.2960566,2026-08-13,主实体采用 IEEE Access 2019 正式扩展版；ICLR 2018 workshop 和早期 arXiv 为前身
c026,SkipNet: Learning Dynamic Routing in Convolutional Networks,纳入,,doi:10.1007/978-3-030-01261-8_25,https://openaccess.thecvf.com/content_ECCV_2018/html/Xin_Wang_SkipNet_Learning_Dynamic_ECCV_2018_paper.html,2026-08-13,输入级门控选择是否跳过残差块；正式 ECCV 论文
c027,ReSet: Recurrent Dynamic Routing in ResNets,排除,覆盖冗余,pmlr-v95-kemaev18a,https://proceedings.mlr.press/v95/kemaev18a.html,2026-08-13,机制相关但主图已由 BlockDrop、SkipNet、ConvNet-AIG 与 Adaptive Depth 覆盖动态路由谱系
c028,i-RevNet: Deep Invertible Networks,纳入,,openreview:HJsjkMb0Z,https://openreview.net/forum?id=HJsjkMb0Z,2026-08-13,全网信息保持的可逆卷积构造；ICLR 2018 主会
c029,How to Start Training: The Effect of Initialization and Architecture,纳入,,neurips-2018-d81f9c1b,https://proceedings.neurips.cc/paper_files/paper/2018/hash/d81f9c1be2e08964bf9f24b15f0e4900-Abstract.html,2026-08-13,证明残差模块缩放影响初始训练；正式 NeurIPS 论文
c030,Fixup Initialization: Residual Learning Without Normalization,纳入,,openreview:H1gsz30cKX,https://openreview.net/forum?id=H1gsz30cKX,2026-08-13,按深度缩放并零初始化末层；ICLR 2019 主会
c031,Dynamical Isometry is Achieved in Residual Networks in a Universal Way for any Activation Function,排除,覆盖冗余,pmlr-v89-tarnowski19a,https://proceedings.mlr.press/v89/tarnowski19a.html,2026-08-13,正式理论工作但不定义新的连接干预；相关机制由 Stable ResNet 与大深度缩放条目覆盖
c032,Bag of Tricks for Image Classification with Convolutional Neural Networks,纳入,,cvpr-2019-he-bag-tricks,https://openaccess.thecvf.com/content_CVPR_2019/html/He_Bag_of_Tricks_for_Image_Classification_with_Convolutional_Neural_Networks_CVPR_2019_paper.html,2026-08-13,ResNet-D 用平均池化保护 shortcut 下采样信息；正式 CVPR 论文
c033,Invertible Residual Networks,纳入,,pmlr-v97-behrmann19a,https://proceedings.mlr.press/v97/behrmann19a.html,2026-08-13,Lipschitz 约束使标准 x+g(x) 可逆；ICML 2019 正式论文
c034,Residual Flows for Invertible Generative Modeling,排除,范围外,neurips-2019-5d0d5594,https://proceedings.neurips.cc/paper_files/paper/2019/hash/5d0d5594d24f0f955548f0fc0ff83d10-Abstract.html,2026-08-13,面向生成密度估计与 log-determinant；分类 ResNet 的可逆连接问题已由 i-ResNet 覆盖
c035,Skip Connections Matter: On the Transferability of Adversarial Examples Generated with ResNets,排除,范围外,openreview:BJlRs34Fvr,https://openreview.net/forum?id=BJlRs34Fvr,2026-08-13,安全风险诊断而非连接改进，且不是本地图的共同评测主线
c036,Approximation Capabilities of Neural ODEs and Invertible Residual Networks,纳入,,pmlr-v119-zhang20h,https://proceedings.mlr.press/v119/zhang20h.html,2026-08-13,i-ResNet 原生近似能力限制与增维修复；ICML 2020 正式论文
c037,Batch Normalization Biases Residual Blocks Towards the Identity Function in Deep Networks,纳入,,neurips-2020-e6b738ec,https://proceedings.neurips.cc/paper/2020/hash/e6b738eca0e6792ba8a9cbcba6c1881d-Abstract.html,2026-08-13,SkipInit 与 BN 的残差支路缩放解释；正式 NeurIPS 论文
c038,Characterizing Signal Propagation to Close the Performance Gap in Unnormalized ResNets,纳入,,openreview:IX3Nnir2omJ,https://openreview.net/forum?id=IX3Nnir2omJ,2026-08-13,NF-ResNet 的无归一化信号传播设计；ICLR 2021 主会
c039,ReZero Is All You Need: Fast Convergence at Large Depth,纳入,,pmlr-v161-bachlechner21a,https://proceedings.mlr.press/v161/bachlechner21a.html,2026-08-13,零初始化可学习残差门；UAI 2021 正式论文且含 ResNet 图像实验
c040,Stable ResNet,纳入,,pmlr-v130-hayou21a,https://proceedings.mlr.press/v130/hayou21a.html,2026-08-13,深度相关残差缩放稳定梯度与极限表达性；AISTATS 2021 正式论文
c041,Res2Net: A New Multi-scale Backbone Architecture,排除,范围外,doi:10.1109/TPAMI.2019.2938758,https://arxiv.org/abs/1904.01169,2026-08-13,最终裁决：主要改变 F(x) 内部多尺度层级结构而非块级 shortcut
c042,Width and Depth Limits Commute in Residual Networks,排除,覆盖冗余,pmlr-v202-hayou23a,https://proceedings.mlr.press/v202/hayou23a.html,2026-08-13,理论延伸有价值但不定义新的连接机制；由 Stable ResNet 与 JMLR 大深度缩放条目覆盖
c043,Residual Alignment: Uncovering the Mechanisms of Residual Networks,纳入,,neurips-2023-b3f48945,https://proceedings.neurips.cc/paper_files/paper/2023/hash/b3f48945f6fb402b4b5cdcf490e72847-Abstract-Conference.html,2026-08-13,较新 ResNet 专属机制诊断；正式 NeurIPS 论文
c044,Wide Residual Networks,排除,范围外,arxiv:1605.07146,https://arxiv.org/abs/1605.07146,2026-08-13,主要改变宽度和残差函数容量而非连接行为
c045,Aggregated Residual Transformations for Deep Neural Networks,排除,范围外,cvpr-2017-xie-resnext,https://openaccess.thecvf.com/content_cvpr_2017/html/Xie_Aggregated_Residual_Transformations_CVPR_2017_paper.html,2026-08-13,主要改变残差分支 cardinality；作为其他条目的比较基线
c046,CBAM: Convolutional Block Attention Module,排除,范围外,eccv-2018-woo-cbam,https://openaccess.thecvf.com/content_ECCV_2018/html/Sanghyun_Woo_Convolutional_Block_Attention_ECCV_2018_paper.html,2026-08-13,通用特征注意力；没有定义新的 shortcut 合并原则且与 SE 重复
c047,Revisiting ResNets: Improved Training and Scaling Strategies,排除,非目标成果类型,arxiv:2103.07579,https://arxiv.org/abs/2103.07579,2026-08-13,综合训练与缩放配方；机制已由原始论文覆盖
c048,A ConvNet for the 2020s,排除,范围外,cvpr-2022-liu-convnext,https://openaccess.thecvf.com/content/CVPR2022/html/Liu_A_ConvNet_for_the_2020s_CVPR_2022_paper.html,2026-08-13,现代化卷积块但没有提出新的残差连接机制
c049,DeepNet: Scaling Transformers to 1000 Layers,排除,范围外,arxiv:2203.00555,https://arxiv.org/abs/2203.00555,2026-08-13,Transformer 专属 DeepNorm；无 ResNet/CNN 主体证据
c050,Going Deeper with Image Transformers,排除,范围外,iccv-2021-touvron-cait,https://openaccess.thecvf.com/content/ICCV2021/html/Touvron_Going_Deeper_With_Image_Transformers_ICCV_2021_paper.html,2026-08-13,LayerScale 属于 Transformer 路线；仅在报告边界提及
c051,Linear ResNet for Deterministic Robustness Certification,排除,范围外,neurips-2023-863da9d4,https://proceedings.neurips.cc/paper_files/paper/2023/hash/863da9d40547f1d1b18859519ce2dee4-Abstract-Conference.html,2026-08-13,面向 Lipschitz 认证的任务特定残差函数设计而非通用连接改进
c052,Adaptive Depth Networks with Skippable Sub-Paths,纳入,,doi:10.52202/079017-1046,https://proceedings.neurips.cc/paper_files/paper/2024/hash/3a2d96d2eb2902043c2db705ca03e9a2-Abstract-Conference.html,2026-08-13,全文核验后改判：把阶段拆成必选与可跳子路径并用自蒸馏约束可跳路径；正式 NeurIPS 2024 论文
c053,Fully Identical Initialization,排除,非目标成果类型,openreview:UPyLDIVBNP,https://openreview.net/forum?id=UPyLDIVBNP,2026-08-13,匿名投稿且正式接收状态未核验
c054,Rethinking the Shape Convention of an MLP,排除,范围外,openreview:bUtLHJn90a,https://openreview.net/forum?id=bUtLHJn90a,2026-08-13,MLP/生成任务投稿；只推断可能延伸至 residual network
c055,Where Redundancy Lives: Stage-Aware Block Saliency in Skip-Connected Models,排除,非目标成果类型,openreview:xalTjNXVHb,https://openreview.net/forum?id=xalTjNXVHb,2026-08-13,ICLR 2026 撤回投稿；不作为正式证据
c056,Upping the Game: How 2D U-Net Skip Connections Flip 3D Segmentation,排除,范围外,openreview:QI1ScdeQjp,https://openreview.net/forum?id=QI1ScdeQjp,2026-08-13,U-Net 编解码 skip 而非 ResNet residual connection
c057,ASRC-SNN: Adaptive Skip Recurrent Connection Spiking Neural Network,排除,范围外,openreview:KsIhAcB84m,https://openreview.net/forum?id=KsIhAcB84m,2026-08-13,脉冲循环网络的时间 skip；非 ResNet/CNN
c058,DiracNets: Training Very Deep Neural Networks Without Skip-Connections,纳入,,arxiv:1706.00388,https://arxiv.org/abs/1706.00388,2026-08-13,Dirac 参数化把近恒等映射折入卷积核；直接替代与负面边界
c059,Is normalization indispensable for training deep neural network?,纳入,,neurips-2020-9b861925,https://proceedings.neurips.cc/paper_files/paper/2020/hash/9b8619251a19057cff70779273e95aa6-Abstract.html,2026-08-13,RescaleNet 显式缩放恒等与残差两路并做跨任务验证；正式 NeurIPS 论文
c060,Deep Isometric Learning for Visual Recognition,排除,覆盖冗余,pmlr-v119-qi20a,https://proceedings.mlr.press/v119/qi20a.html,2026-08-13,主要干预近等距卷积核而非连接；无捷径反证已由 FractalNet 与 DiracNet 覆盖
c061,Towards Understanding the Importance of Shortcut Connections in Residual Networks,纳入,,neurips-2019-7716d0fc,https://proceedings.neurips.cc/paper/2019/hash/7716d0fc31636914783865d34f6cdfd5-Abstract.html,2026-08-13,简化二层卷积 ResNet 的优化理论；正式 NeurIPS 论文且需限制外推
c062,Theoretical characterisation of the Gauss-Newton conditioning in Neural Networks,纳入,,neurips-2024-d067d16e,https://proceedings.neurips.cc/paper_files/paper/2024/file/d067d16e3e5fe8fa8a3e62909907659a-Paper-Conference.pdf,2026-08-13,线性残差网络中 shortcut 谱平移与条件数分析；正式 NeurIPS 论文
c063,Lambda-Skip Connections: the architectural component that prevents Rank Collapse,排除,范围外,iclr-2025-1f7b3b0d,https://proceedings.iclr.cc/paper_files/paper/2025/hash/1f7b3b0dd7710af02aac0db5be4cfc8d-Abstract-Conference.html,2026-08-13,正式正文聚焦 Transformer 与状态空间序列模型且无 ResNet/CNN 实证
c064,Residual Connections Harm Generative Representation Learning,排除,范围外,cvpr-2026-zhang-residual-harm,https://openaccess.thecvf.com/content/CVPR2026/html/Zhang_Residual_Connections_Harm_Generative_Representation_Learning_CVPR_2026_paper.html,2026-08-13,主要基于 ViT 的掩码自编码与扩散模型；不属于 CNN-ResNet 主体
c065,RMNet: Equivalently Removing Residual Connection from Networks,排除,范围外,openreview:MPoQtFC588n,https://openreview.net/forum?id=MPoQtFC588n,2026-08-13,面向部署时等价消除连接的结构重参数化；不改变训练期残差连接机制
c066,Rethinking Skip Connection with Layer Normalization,排除,范围外,acl:2020.coling-main.320,https://aclanthology.org/2020.coling-main.320,2026-08-13,主要问题与实验主线为序列建模；图像分类仅作跨域验证
c067,Making Convolutional Networks Shift-Invariant Again,纳入,,pmlr-v97-zhang19a,https://proceedings.mlr.press/v97/zhang19a.html,2026-08-13,把下采样分为稠密运算低通和抽样；官方 ResNet 实现直接修改 transition shortcut
c068,Impact of Aliasing on Generalization in Deep Convolutional Networks,纳入,,doi:10.1109/ICCV48922.2021.01036,https://openaccess.thecvf.com/content/ICCV2021/html/Vasconcelos_Impact_of_Aliasing_on_Generalization_in_Deep_Convolutional_Networks_ICCV_2021_paper.html,2026-08-13,critical-path 抗混叠并提供全层强滤波会显著降准的独立反证
c069,BlockDrop: Dynamic Inference Paths in Residual Networks,纳入,,doi:10.1109/CVPR.2018.00919,https://openaccess.thecvf.com/content_cvpr_2018/html/Wu_BlockDrop_Dynamic_Inference_CVPR_2018_paper.html,2026-08-13,一次性按输入预测残差块执行向量；与训练期随机深度分开
c070,Convolutional Networks with Adaptive Inference Graphs,纳入,,doi:10.1007/978-3-030-01246-5_1,https://openaccess.thecvf.com/content_ECCV_2018/papers/Andreas_Veit_Convolutional_Networks_with_ECCV_2018_paper.pdf,2026-08-13,Gumbel 门联合学习样本相关离散 residual layer 图
c071,Momentum Residual Neural Networks,纳入,,pmlr-v139-sander21a,https://proceedings.mlr.press/v139/sander21a.html,2026-08-13,增加动量状态使任意残差块闭式可逆并减少激活存储
c072,Understanding and Mitigating Exploding Inverses in Invertible Neural Networks,纳入,,pmlr-v130-behrmann21a,https://proceedings.mlr.press/v130/behrmann21a.html,2026-08-13,证明代数可逆不保证浮点反演稳定；可逆路线的核心负证据
c073,Residual Distillation: Towards Portable Deep Neural Networks without Shortcuts,纳入,,neurips-2020-657b96f0,https://proceedings.neurips.cc/paper/2020/hash/657b96f0592803e25a4f07166fff289a-Abstract.html,2026-08-13,训练借助残差教师而部署 plain CNN；直接反证但不能外推为从头训练无须 shortcut
c074,Revisiting Residual Connections: Orthogonal Updates for Stable and Efficient Deep Networks,纳入,,doi:10.52202/085713-2409,https://proceedings.neurips.cc/paper_files/paper/2025/hash/67c15da4a9340140c60783d9a175fd3f-Abstract-Conference.html,2026-08-13,新发现正式前沿；仅加入与输入状态正交的残差分量；CNN 证据到 Tiny ImageNet
c075,Scaling ResNets in the Large-depth Regime,纳入,,jmlr-v26-22-0664,https://www.jmlr.org/papers/v26/22-0664.html,2026-08-13,区分独立初始化的 1/sqrt(L) 随机极限与相关初始化的 1/L ODE 极限
c076,Deep Convolutional Neural Networks with Merge-and-Run Mappings,纳入,,doi:10.24963/ijcai.2018/440,https://www.ijcai.org/proceedings/2018/0440.pdf,2026-08-13,正式 IJCAI 八作者版本；线性幂等 mapping 在平行残差分支间交换平均状态
c077,Beyond Finite Layer Neural Networks: Bridging Deep Architectures and Numerical Differential Equations,纳入,,pmlr-v80-lu18d,https://proceedings.mlr.press/v80/lu18d.html,2026-08-13,LM-ResNet 用多步状态更新直接改变跨块连接规则
c078,Sparsely Aggregated Convolutional Networks,纳入,,doi:10.1007/978-3-030-01258-8_12,https://openaccess.thecvf.com/content_ECCV_2018/html/Ligeng_Zhu_Sparsely_Aggregated_Convolutional_ECCV_2018_paper.html,2026-08-13,指数间隔固定稀疏跨层聚合；正式 ECCV 论文
c079,Mixed Link Networks,纳入,,doi:10.24963/ijcai.2018/391,https://www.ijcai.org/Proceedings/2018/391,2026-08-13,同时维护加法复用与拼接新增状态；正式 IJCAI 论文
c080,ResNet or DenseNet? Introducing Dense Shortcuts to ResNet,纳入,,doi:10.1109/WACV48630.2021.00359,https://openaccess.thecvf.com/content/WACV2021/html/Zhang_ResNet_or_DenseNet_Introducing_Dense_Shortcuts_to_ResNet_WACV_2021_paper.html,2026-08-13,对多个早期特征做归一化加权求和的 dense shortcut
c081,IDInit: A Universal and Stable Initialization Method for Neural Network Training,排除,覆盖冗余,iclr-2025-poster-30009,https://iclr.cc/virtual/2025/poster/30009,2026-08-13,正式 ICLR 前沿但贡献是通用整网初始化；连接侧问题已由 Fixup/SkipInit/RescaleNet 覆盖
c082,Critical Initialization of Wide and Deep Neural Networks using Partial Jacobians,排除,覆盖冗余,doi:10.52202/075280-1743,https://proceedings.neurips.cc/paper_files/paper/2023/hash/7e02f2910ea7911a37c4691f4201c878-Abstract-Conference.html,2026-08-13,正式理论工作但连接并非独立干预；作为检索补漏记录由 Stable ResNet 等覆盖
c083,Reversible Architectures for Arbitrarily Deep Residual Neural Networks,纳入,,doi:10.1609/aaai.v32i1.11668,https://ojs.aaai.org/index.php/AAAI/article/view/11668,2026-08-13,Hamiltonian 动力系统启发的正式可逆残差架构；AAAI 2018
c084,High-Performance Large-Scale Image Recognition Without Normalization,纳入,,pmlr-v139-brock21a,https://proceedings.mlr.press/v139/brock21a.html,2026-08-13,NFNet 将缩放残差形式与配套带到大规模跨任务验证；ICML 2021
